drug_name,chembl_id
heparin,CHEMBL4650299
sulfapyridine,CHEMBL700
histamine,CHEMBL90
secbutabarbital,
guanidine,CHEMBL821
theophylline,CHEMBL1355736
inulin,CHEMBL1201646
sulfur,CHEMBL1235452
ergocalciferol,CHEMBL1536
sulfadiazine,CHEMBL439
conjugated estrogens,
pethidine,
methylhomatropine,CHEMBL1201235
hydrocodone,CHEMBL1457
ethinylestradiol,
methamphetamine,CHEMBL1201201
dicoumarol,
tubocurarine,CHEMBL339427
sulfabenzamide,CHEMBL1243
sulfacetamide,CHEMBL455
sulfathiazole,CHEMBL437
nitrofurazone,CHEMBL869
glucose,
ethanol,
trimethadione,CHEMBL695
streptomycin,CHEMBL372795
diphenhydramine,CHEMBL657
dihydroergotamine,CHEMBL1732
dimercaprol,CHEMBL1597
folic acid,CHEMBL1622
ferrous sulfate,CHEMBL1200830
sodium tetradecyl sulfate,CHEMBL1200354
mephenytoin,CHEMBL861
methylergometrine,
dienestrol,CHEMBL1018
benzylpenicillin,
propylthiouracil,CHEMBL1518
methadone,CHEMBL651
tripelennamine,CHEMBL1241
tolazoline,CHEMBL770
doxylamine,CHEMBL1004
procaine benzylpenicillin,CHEMBL1628385
bacitracin,CHEMBL1200558
bethanechol,CHEMBL1482
lidocaine,CHEMBL79
epinephrine,CHEMBL679
caffeine,CHEMBL113
ergotamine,CHEMBL442
mechlorethamine,CHEMBL427
trihexyphenidyl,CHEMBL1490
vitamin A palmitate,CHEMBL1675
paramethadione,CHEMBL1100
crotamiton,CHEMBL6067975
cyanocobalamin,CHEMBL2110563
chloroquine,CHEMBL76
chlortetracycline,CHEMBL404520
aminosalicylic acid,CHEMBL1169
hyaluronidase,CHEMBL1201636
acetylsalicylic acid,
oxycodone,CHEMBL656
dicycloverine,
procainamide,CHEMBL640
cortisone acetate,CHEMBL1650
sulfasalazine,CHEMBL421
thiamazole,
corticotropin,CHEMBL1201610
quinidine,CHEMBL1294
norepinephrine,CHEMBL1437
secobarbital,CHEMBL447
chlorphenamine,
diethylcarbamazine,CHEMBL684
chloramphenicol,CHEMBL130
chloramphenicol succinate,
diprophylline,
promethazine,CHEMBL643
probenecid,CHEMBL897
edrophonium,CHEMBL1104
selenium sulfide,CHEMBL1200680
phenacemide,CHEMBL918
methanthelinium,
iopanoic acid,CHEMBL867
disulfiram,CHEMBL964
hydrocortisone acetate,CHEMBL1091
mephentermine,CHEMBL1201234
phenylephrine,CHEMBL1215
codeine,CHEMBL485
primaquine,CHEMBL506
phentolamine,CHEMBL597
leucovorin,CHEMBL1679
benzathine benzylpenicillin,
hydrocortisone,CHEMBL389621
suxamethonium,CHEMBL703
isoniazid,CHEMBL64
phenytoin,CHEMBL16
levorphanol,CHEMBL592
hydralazine,CHEMBL276832
pyrimethamine,CHEMBL36
phenoxybenzamine,CHEMBL753
nitrofurantoin,CHEMBL572
dexpanthenol,CHEMBL1200979
retinol,CHEMBL986
Vitamin E,CHEMBL3989727
nicotinamide,
riboflavin,CHEMBL1534
biotin,CHEMBL857
propantheline,CHEMBL1180725
methscopolamine,CHEMBL376897
thyrotropin alfa,CHEMBL1201533
proparacaine,CHEMBL1196
edetic acid,CHEMBL858
acetazolamide,CHEMBL20
mercaptopurine,CHEMBL1200751
sulfamethizole,CHEMBL1191
ergoloid mesylates,CHEMBL2311030
tetracycline,CHEMBL1440
methotrexate,CHEMBL34259
testosterone enantate,
benzatropine,
primidone,CHEMBL856
bromazine,
warfarin,CHEMBL1464
busulfan,CHEMBL820
procaine,CHEMBL569
piperazine,CHEMBL1412
estradiol valerate,CHEMBL1511
tridihexethyl,CHEMBL1201354
metaraminol,CHEMBL1201319
methoxsalen,CHEMBL416
prednisone,CHEMBL635
chloroprocaine,CHEMBL1179047
pyridostigmine,CHEMBL1115
hydroxychloroquine,CHEMBL1535
hydrocortisone succinate,
meprobamate,CHEMBL979
prednisolone acetate,CHEMBL1152
prednisolone,CHEMBL131
procyclidine,CHEMBL86715
fludrocortisone acetate,CHEMBL1201010
amfetamine,
dexamfetamine,
reserpine,CHEMBL772
methylphenidate,CHEMBL796
mecamylamine,CHEMBL267936
isoprenaline,
hydroxyzine,CHEMBL896
promazine,CHEMBL564
ambenonium,CHEMBL1652
liothyronine,CHEMBL1544
fluoxymesterone,CHEMBL1445
prochlorperazine,CHEMBL728
mepenzolate,CHEMBL524004
methsuximide,CHEMBL697
meclozine,
perphenazine,CHEMBL567
chlorambucil,CHEMBL515
Polymyxin B,CHEMBL5314354
neomycin,CHEMBL3989751
ethotoin,CHEMBL1095
sodium iodide (131I),
orphenadrine,CHEMBL900
methocarbamol,CHEMBL1201117
nicotinic acid,
dextropropoxyphene,
brompheniramine,CHEMBL811
triflupromazine,CHEMBL570
chlorpromazine,CHEMBL71
isopropamide,CHEMBL1201232
methylprednisolone,CHEMBL650
triamcinolone,CHEMBL1451
dextromethorphan,CHEMBL52440
phenprocoumon,CHEMBL1465
phenoxymethylpenicillin,
benzonatate,CHEMBL1374379
halothane,CHEMBL931
sodium polystyrene sulfonate,CHEMBL1201484
dihydrocodeine,CHEMBL1595
dichlorphenamide,CHEMBL17
chlorzoxazone,CHEMBL1371
chlorothiazide,CHEMBL842
chlorpropamide,CHEMBL498
dexamethasone,CHEMBL384467
methazolamide,CHEMBL19
indocyanine green,CHEMBL1646
hydrochlorothiazide,CHEMBL435
sodium phosphate (32P),
thiotepa,CHEMBL671
triamcinolone diacetate,CHEMBL1200449
oxymorphone,CHEMBL963
carisoprodol,CHEMBL1233
imipramine,CHEMBL11
trifluoperazine,CHEMBL422
phentermine,CHEMBL1574
sulfinpyrazone,CHEMBL832
methylprednisolone succinate,
methylprednisolone acetate,CHEMBL1364144
medroxyprogesterone,
isocarboxazid,CHEMBL1201168
chymotrypsin,CHEMBL1201465
hydroflumethiazide,CHEMBL1763
diethylpropion,CHEMBL1194666
biperiden,CHEMBL1101
fluphenazine,CHEMBL726
cyclophosphamide,CHEMBL1200796
bendroflumethiazide,CHEMBL1684
triamcinolone acetonide,CHEMBL1504
mepivacaine,CHEMBL1087
demeclocycline,CHEMBL1591
spironolactone,CHEMBL1393
tropicamide,CHEMBL1200604
chlordiazepoxide,CHEMBL451
trichlormethiazide,CHEMBL1054
chlortalidone,
acetic acid,CHEMBL539
chlormezanone,CHEMBL1200714
echothiophate,CHEMBL1201341
methohexital,CHEMBL7413
guanethidine,CHEMBL765
diphenoxylate,CHEMBL1201294
atropine,CHEMBL517712
methylclothiazide,
benzphetamine,CHEMBL3545985
ethosuximide,CHEMBL696
glucagon,CHEMBL5314341
propiomazine,CHEMBL1201210
pargyline,CHEMBL673
tranylcypromine,CHEMBL3989843
mestranol,CHEMBL1201151
norethynodrel,CHEMBL1387
acetophenazine,CHEMBL1085
amitriptyline,CHEMBL629
betamethasone,CHEMBL632
ethchlorvynol,CHEMBL591
phenelzine,CHEMBL1089
tolbutamide,CHEMBL782
thiethylperazine,CHEMBL1378
colchicine,CHEMBL107
glycopyrronium bromide,CHEMBL1201027
polythiazide,CHEMBL1587
cyproheptadine,CHEMBL516
metyrapone,CHEMBL934
dipyridamole,CHEMBL932
stanozolol,CHEMBL2079587
methysergide,CHEMBL1065
thioridazine,CHEMBL479
iopodic acid,
fluorouracil,CHEMBL185
colistin,CHEMBL6067481
tonzonium,
norethisterone,
metaxalone,CHEMBL1079604
griseofulvin,CHEMBL562
uracil mustard,CHEMBL1488
nandrolone decanoate,CHEMBL1200946
octatropine methylbromide,
methyldopa,CHEMBL459
methyldopate,CHEMBL1201233
fluocinolone acetonide,CHEMBL989
fludroxycortide,
idoxuridine,CHEMBL788
vincristine,CHEMBL90555
metronidazole,CHEMBL137
acetylcysteine,CHEMBL600
pseudoephedrine,CHEMBL1590
dexbrompheniramine,CHEMBL1201287
diazepam,CHEMBL12
nonoxinol,
melphalan,CHEMBL852
nalidixic acid,CHEMBL5
pralidoxime,CHEMBL1420
aminocaproic acid,CHEMBL1046
mannitol,CHEMBL689
erythromycin,CHEMBL532
cycloserine,CHEMBL771
nystatin,CHEMBL5465559
oxandrolone,CHEMBL1200436
trioxsalen,CHEMBL1475
triamterene,CHEMBL585
oxytetracycline,CHEMBL1517
vancomycin,CHEMBL262777
nortriptyline,CHEMBL445
amphotericin B,CHEMBL267345
desipramine,CHEMBL72
dactinomycin,CHEMBL1554
acetohexamide,CHEMBL1589
lincomycin,CHEMBL1447
betamethasone acetate,CHEMBL1200538
erythromycin ethyl succinate,
ethionamide,CHEMBL1441
collagenase,
oxazepam,CHEMBL568
sulfanilamide,CHEMBL21
indomethacin,CHEMBL6
chlorphenesin carbamate,CHEMBL607710
doxapram,CHEMBL1754
nafcillin,CHEMBL1443
vinblastine,CHEMBL159
prilocaine,CHEMBL1194
potassium chloride,CHEMBL1200731
trometamol,
ampicillin,CHEMBL174
thioguanine,CHEMBL727
etynodiol,
furosemide,CHEMBL35
tolazamide,CHEMBL817
allopurinol,CHEMBL1467
carbamide,
ethacrynic acid,CHEMBL456
clomifene,
clofibrate,CHEMBL565
fluphenazine enanthate,CHEMBL1200951
mefenamic acid,CHEMBL686
diphenidol,CHEMBL936
thiabendazole,CHEMBL625
haloperidol,CHEMBL54
dextrothyroxine,CHEMBL559
chlorprothixene,CHEMBL908
methenamine,CHEMBL1201270
pentazocine,CHEMBL100116
thiothixene,CHEMBL1201
betamethasone valerate,CHEMBL1497
protriptyline,CHEMBL668
ethambutol,CHEMBL44884
propranolol,CHEMBL27
doxycycline,CHEMBL1200699
hydroxycarbamide,
isosorbide dinitrate,CHEMBL6622
amantadine,CHEMBL660
fentanyl,CHEMBL596
carbamazepine,CHEMBL108
azathioprine,CHEMBL1542
deferoxamine,CHEMBL556
levonorgestrel,CHEMBL1389
dicloxacillin,CHEMBL893
gramicidin,CHEMBL1201469
paracetamol,
mafenide,CHEMBL419
paromomycin,CHEMBL370143
troleandomycin,CHEMBL564085
testolactone,CHEMBL1571
sutilains,CHEMBL1201495
cytarabine,CHEMBL803
hydroxyamfetamine,
procarbazine,CHEMBL1321
triamcinolone hexacetonide,CHEMBL1200878
protamine sulfate,CHEMBL1201651
doxepin,CHEMBL1628227
tyropanoate,
medrysone,CHEMBL1201173
flavoxate,CHEMBL1493
ketamine,CHEMBL742
clindamycin,CHEMBL1753
mesoridazine,CHEMBL1088
lithium carbonate,CHEMBL1200826
flurazepam,CHEMBL968
tetracosactide,
plicamycin,CHEMBL1237054
colistimethate sodium,CHEMBL1201441
levodopa,CHEMBL1009
droperidol,CHEMBL1108
gentamicin,CHEMBL6067485
mitotane,CHEMBL1670
penicillamine,CHEMBL1430
floxuridine,CHEMBL917
cefalexin,
calcium chloride,CHEMBL1200668
sodium lactate,CHEMBL1357
oxacillin,CHEMBL819
naloxone,CHEMBL80
rifampicin,
capreomycin,CHEMBL2221250
pyrazinamide,CHEMBL614
sulfafurazole,
naphazoline,CHEMBL761
minocycline,CHEMBL1434
fluocinonide,CHEMBL1501
spectinomycin,CHEMBL1167
megestrol acetate,CHEMBL1201139
sorbitol,CHEMBL1682
potassium acetate,CHEMBL1201058
phosphoric acid,CHEMBL1187
tretinoin,CHEMBL38
flucytosine,CHEMBL1463
desonide,CHEMBL1201109
fluorometholone,CHEMBL1200600
oxymetholone,CHEMBL1200585
dimenhydrinate,CHEMBL1200406
fluphenazine decanoate,CHEMBL1200854
clorazepate,
testosterone,CHEMBL386630
enflurane,CHEMBL1257
carbachol,CHEMBL14
clindamycin phosphate,CHEMBL3184512
bupivacaine,CHEMBL1098
pancuronium,CHEMBL185073
carindacillin,
calcium glucoheptonate,
diazoxide,CHEMBL181
kanamycin,CHEMBL1384
arginine,CHEMBL1485
norethindrone acetate,CHEMBL1201146
mazindol,CHEMBL781
trimethoprim,CHEMBL22
sulfamethoxazole,CHEMBL443
bleomycin,CHEMBL6067492
orciprenaline,
cholestyramine,CHEMBL1201625
mepyramine,
dexamethasone acetate,CHEMBL1530428
pentobarbital,CHEMBL448
cefazolin,CHEMBL1435
acetylcholine,CHEMBL667
sulfadiazine silver,
metolazone,CHEMBL878
methyltestosterone,CHEMBL1395
prednisolone sodium phosphate,CHEMBL1201014
miconazole,CHEMBL91
dantrolene,CHEMBL1201288
molindone,CHEMBL460
isosorbide,CHEMBL1200660
dopamine,CHEMBL59
cefapirin,
benzquinamide,CHEMBL1201250
terbutaline,CHEMBL1760
testosterone propionate,CHEMBL1170
nitroprusside,CHEMBL2097081
mebendazole,CHEMBL685
trimethobenzamide,CHEMBL1201256
pilocarpine,CHEMBL550
cyclopentolate,CHEMBL1201338
doxorubicin,CHEMBL53463
cefradine,
clonidine,CHEMBL134
cloxacillin,CHEMBL891
ibuprofen,CHEMBL521
halcinonide,CHEMBL1200845
amoxicillin,CHEMBL1082
cefalotin,
lindane,CHEMBL15891
carbinoxamine,CHEMBL864
pemoline,CHEMBL1177
betamethasone dipropionate,CHEMBL1200384
clotrimazole,CHEMBL104
loxapine,CHEMBL831
acetyldigitoxin,CHEMBL3545057
carbidopa,CHEMBL1200748
dacarbazine,CHEMBL476
clonazepam,CHEMBL452
tobramycin,CHEMBL1747
oxybutynin,CHEMBL1231
estradiol,CHEMBL135
magnesium chloride,CHEMBL3185229
sodium gluconate,CHEMBL2068884
sulfacytine,CHEMBL1201056
hydroxyprogesterone caproate,CHEMBL1200848
digoxin,CHEMBL1751
progesterone,CHEMBL103
naproxen,CHEMBL154
fenoprofen,CHEMBL1297
tolmetin,CHEMBL1020
lactulose,CHEMBL296306
aluminum acetate,CHEMBL1201015
butalbital,CHEMBL454
beclometasone dipropionate,
dinoprost,CHEMBL815
glycine,CHEMBL773
danazol,CHEMBL1479
prazosin,CHEMBL2
sincalide,CHEMBL1121
phendimetrazine,CHEMBL1615439
somatropin,CHEMBL1201621
lomustine,CHEMBL514
pramocaine,
chlorhexidine,CHEMBL790
chloroxine,CHEMBL1200596
glutethimide,CHEMBL1102
protirelin,CHEMBL1472
ticarcillin,CHEMBL1449
vidarabine,CHEMBL1090
loperamide,CHEMBL841
probucol,CHEMBL608
clemastine,CHEMBL1626
desoximetasone,CHEMBL1766
carmustine,CHEMBL513
azatadine,CHEMBL946
colestipol,CHEMBL1909303
estrone sulphate,
cimetidine,CHEMBL30
clocortolone pivalate,CHEMBL1200975
dinoprostone,CHEMBL548
cyclobenzaprine,CHEMBL669
ranitidine,CHEMBL1790041
etidronic acid,CHEMBL871
disopyramide,CHEMBL517
diflorasone diacetate,CHEMBL1200545
lorazepam,CHEMBL580
baclofen,CHEMBL701
technetium Tc 99m medronate,CHEMBL1200931
thallous chloride Tl-201,
tamoxifen,CHEMBL83
cefadroxil,CHEMBL1644
desmopressin,CHEMBL1429
valproic acid,CHEMBL109
dimethyl sulfoxide,CHEMBL504
calcitonin (salmon synthetic),
testosterone cypionate,CHEMBL1201101
bromocriptine,CHEMBL493
difenoxin,CHEMBL1201321
dobutamine,CHEMBL926
iodamide,CHEMBL1201239
metoprolol,CHEMBL13
hydroxocobalamin,CHEMBL2103737
calcitriol,CHEMBL846
timolol,CHEMBL499
butorphanol,CHEMBL33986
sulindac,CHEMBL15770
ammonium chloride,CHEMBL1200939
cefoxitin,CHEMBL996
natamycin,CHEMBL1200656
cisplatin,CHEMBL11359
carboprost,CHEMBL1237122
metoclopramide,CHEMBL86
estrone,CHEMBL1405
cefaclor,CHEMBL1201018
tienilic acid,
nalbuphine,CHEMBL895
trimipramine,CHEMBL644
dapsone,CHEMBL1043
estradiol cypionate,CHEMBL1200973
cyclacillin,CHEMBL1200356
metirosine,
amcinonide,CHEMBL1200732
minoxidil,CHEMBL802
potassium iodide,CHEMBL1141
tetryzoline,
nadolol,CHEMBL521606
isoflurane,CHEMBL1256
daunorubicin,CHEMBL178
scopolamine,CHEMBL569713
zinc acetate,CHEMBL3184986
trifluridine,CHEMBL1129
oxytocin,CHEMBL395429
dipivefrine,
cinoxacin,CHEMBL1208
meclofenamic acid,CHEMBL509
oxamniquine,CHEMBL847
calcifediol,CHEMBL3544909
amoxapine,CHEMBL1113
sodium citrate,CHEMBL1355
aminoglutethimide,CHEMBL488
maprotiline,CHEMBL21731
bacampicillin,CHEMBL1583
lithium citrate,CHEMBL2103738
amikacin,CHEMBL177
temazepam,CHEMBL967
cefotaxime,CHEMBL1730
alacepril,CHEMBL2103775
captopril,CHEMBL1560
salbutamol,
glyceryl trinitrate,
ketoconazole,CHEMBL157101
dexchlorpheniramine,CHEMBL1201353
verapamil,CHEMBL6966
atenolol,CHEMBL24
mitomycin,CHEMBL105
mezlocillin,CHEMBL1731
halazepam,CHEMBL970
flunisolide,CHEMBL1512
amiloride,CHEMBL945
magnesium sulfate,CHEMBL3989857
alprostadil,CHEMBL495
alprazolam,CHEMBL661
sulfadoxine,CHEMBL1539
sodium bicarbonate,CHEMBL1353
sucralfate,CHEMBL6067980
gemfibrozil,CHEMBL457
trazodone,CHEMBL621
piperacillin,CHEMBL702
buprenorphine,CHEMBL511142
nifedipine,CHEMBL193
acyclovir,CHEMBL184
piroxicam,CHEMBL527
diflunisal,CHEMBL898
benoxaprofen,CHEMBL340978
calcium acetate,CHEMBL1200800
glycerol,
streptozocin,CHEMBL1977579
isotretinoin,CHEMBL547
cromoglicic acid,
citric acid,CHEMBL1261
magnesium oxide,CHEMBL1200572
malathion,CHEMBL1200468
pindolol,CHEMBL500
azlocillin,CHEMBL1537
etomidate,CHEMBL681
guanabenz,CHEMBL420
gonadorelin,CHEMBL1007
insulin human,CHEMBL1201631
diltiazem,CHEMBL23
chymopapain,CHEMBL1201626
triazolam,CHEMBL646
alclometasone dipropionate,CHEMBL1200989
econazole,CHEMBL808
praziquantel,CHEMBL976
guanadrel,CHEMBL1037
ciclopirox,CHEMBL1413
tioconazole,CHEMBL1200438
bumetanide,CHEMBL1072
sodium phosphate,
triprolidine,CHEMBL855
acetohydroxamic acid,CHEMBL734
indapamide,CHEMBL406
chenodiol,CHEMBL240597
ceftizoxime,CHEMBL528
cefuroxime,CHEMBL1436
etoposide,CHEMBL44657
ciclosporin,
atracurium,CHEMBL1360
magnesium silicate,CHEMBL2109133
algeldrate,CHEMBL3833310
bentiromide,CHEMBL1200368
hydromorphone,CHEMBL398707
vecuronium,CHEMBL1201219
glibenclamide,
sufentanil,CHEMBL658
glipizide,CHEMBL1073
macrogol,
amrinone,
pimozide,CHEMBL1423
labetalol,CHEMBL429
clavulanic acid,CHEMBL777
pentoxifylline,CHEMBL628
pentamidine,CHEMBL55
benzoyl peroxide,CHEMBL1200370
tocainide,CHEMBL1762
naltrexone,CHEMBL19019
ceftriaxone,CHEMBL161
bitolterol,CHEMBL1201295
acebutolol,CHEMBL642
leuprorelin,
ammonium lactate,CHEMBL1200747
auranofin,CHEMBL1366
dronabinol,CHEMBL465
ceftazidime,CHEMBL44354
potassium citrate,CHEMBL3989822
betaxolol,CHEMBL423
sulconazole,CHEMBL1221
somatrem,CHEMBL1201620
flecainide,CHEMBL652
trientine,CHEMBL609
cilastatin,CHEMBL766
imipenem,CHEMBL43708
levobunolol,CHEMBL1201237
midazolam,CHEMBL655
enalapril,CHEMBL578
amiodarone,CHEMBL633
nabilone,CHEMBL2218896
cefotetan,CHEMBL474579
clobetasol propionate,CHEMBL1159650
quazepam,CHEMBL1200472
levocarnitine,CHEMBL1149
bupropion,CHEMBL894
mexiletine,CHEMBL558
ribavirin,CHEMBL1643
ketoprofen,CHEMBL571
haloperidol decanoate,CHEMBL1200986
fluorometholone acetate,CHEMBL1201064
bretylium,CHEMBL1199080
permethrin,CHEMBL1525
sodium sulfate,CHEMBL3989856
oxymetazoline,CHEMBL762
interferon alfa-2b,CHEMBL1201558
zinc chloride,CHEMBL1200679
ferrous fumarate,CHEMBL1200640
follitropin,CHEMBL4297955
buspirone,CHEMBL49
etretinate,CHEMBL464
famotidine,CHEMBL902
cysteine,CHEMBL863
guanfacine,CHEMBL862
norfloxacin,CHEMBL9
methacholine,CHEMBL978
clofazimine,CHEMBL1292
ipratropium,CHEMBL1621597
alfentanil,CHEMBL634
pirbuterol,CHEMBL1094966
tranexamic acid,CHEMBL877
aztreonam,CHEMBL158
flurbiprofen,CHEMBL563
esmolol,CHEMBL768
sulbactam,CHEMBL403
zidovudine,CHEMBL129
mometasone furoate,CHEMBL1161
zinc sulfate,CHEMBL1200929
terazosin,CHEMBL611
lovastatin,CHEMBL503
ciprofloxacin,CHEMBL8
sodium benzoate,CHEMBL1356
mitoxantrone,CHEMBL58
phenylacetic acid,CHEMBL1044
mesalazine,
cefuroxime axetil,CHEMBL1095930
lisinopril,CHEMBL419213
fluoxetine,CHEMBL41
penbutolol,CHEMBL1290
ursodiol,CHEMBL1551
apraclonidine,CHEMBL647
terconazole,CHEMBL1714574
mupirocin,CHEMBL719
milrinone,CHEMBL189
enalaprilat,CHEMBL3989406
naftifine,CHEMBL626
nizatidine,CHEMBL3183075
diclofenac,CHEMBL139
tiopronin,CHEMBL1314
octreotide,CHEMBL1680
nicardipine,CHEMBL1484
misoprostol,CHEMBL606
carteolol,CHEMBL839
nimodipine,CHEMBL1428
oxiconazole,CHEMBL1262
mesna,CHEMBL975
pergolide,CHEMBL531
ifosfamide,CHEMBL1024
astemizole,CHEMBL296419
flutamide,CHEMBL806
carboplatin,CHEMBL1351
cefixime,CHEMBL1541
mefloquine,CHEMBL416956
epoetin alfa,CHEMBL1201565
selegiline,CHEMBL972
ganciclovir,CHEMBL182
omeprazole,CHEMBL1503
clozapine,CHEMBL42
propofol,CHEMBL526
adenosine,CHEMBL477
propafenone,CHEMBL631
ketorolac,CHEMBL469
cefmetazole,CHEMBL1201195
norgestimate,CHEMBL1200934
metipranolol,CHEMBL1291
goserelin,CHEMBL1201247
clomipramine,CHEMBL415
rubidium Rb-82 chloride,
fluconazole,CHEMBL106
nafarelin,CHEMBL1201309
pegademase,
antazoline,CHEMBL1305
betiatide,CHEMBL2109104
levamisole,CHEMBL1454
moracizine,
pipecuronium,CHEMBL1201206
olsalazine,CHEMBL425
tyloxapol,CHEMBL1201548
colfosceril palmitate,CHEMBL1200737
cetyl alcohol,CHEMBL706
idarubicin,CHEMBL1117
gluconolactone,CHEMBL1200829
magnesium carbonate,CHEMBL1200736
doxazosin,CHEMBL707
eflornithine,CHEMBL830
podophyllotoxin,
fluticasone propionate,CHEMBL1473
ulobetasol propionate,
isradipine,CHEMBL1648
technetium (99mTc) sestamibi,
estazolam,CHEMBL285674
altretamine,CHEMBL1455
ofloxacin,CHEMBL4
sermorelin,
bepridil,CHEMBL1008
dapiprazole,CHEMBL1201216
ondansetron,CHEMBL46
ritodrine,CHEMBL83063
ramipril,CHEMBL1168
succimer,CHEMBL1201073
etodolac,CHEMBL622
filgrastim,CHEMBL1201567
sargramostim,CHEMBL1201670
doxacurium,CHEMBL1237123
alglucerase,CHEMBL1201633
fludarabine phosphate,CHEMBL1096882
fosinopril,CHEMBL3039598
benazepril,CHEMBL838
beractant,CHEMBL1201624
felodipine,CHEMBL1480
prednicarbate,CHEMBL1200386
foscarnet,CHEMBL666
didanosine,CHEMBL1460
pentostatin,CHEMBL1580
pravastatin,CHEMBL1144
clarithromycin,CHEMBL1741
pamidronic acid,CHEMBL834
ticlopidine,CHEMBL833
azithromycin,CHEMBL529
nicotine,CHEMBL3
quinapril,CHEMBL1592
flumazenil,CHEMBL407
simvastatin,CHEMBL1064
cefprozil,CHEMBL3301800
histrelin,CHEMBL1201255
nabumetone,CHEMBL1070
sertraline,CHEMBL809
isosorbide mononitrate,CHEMBL1311
loracarbef,CHEMBL1200610
enoxacin,CHEMBL826
mivacurium,CHEMBL1182833
sodium thiosulfate,CHEMBL2096650
lomefloxacin,CHEMBL561
aldesleukin,CHEMBL1201438
zalcitabine,CHEMBL853
finasteride,CHEMBL710
teniposide,CHEMBL452231
halofantrine,CHEMBL1107
amlodipine,CHEMBL1491
bisoprolol,CHEMBL645
cefpodoxime proxetil,CHEMBL1201016
masoprocol,CHEMBL313972
itraconazole,CHEMBL64391
muromonab-CD3,CHEMBL1201608
desflurane,CHEMBL1200733
oxaprozin,CHEMBL1071
sotalol,CHEMBL471
atovaquone,CHEMBL1450
octinoxate,CHEMBL3183184
desogestrel,CHEMBL1533
zolpidem,CHEMBL911
rifabutin,CHEMBL444633
sumatriptan,CHEMBL128
paclitaxel,CHEMBL428647
paroxetine,CHEMBL490
terbinafine,CHEMBL822
nedocromil,CHEMBL746
gadodiamide,CHEMBL1200346
cladribine,CHEMBL1619
enoxaparin sodium,CHEMBL1201476
loratadine,CHEMBL998
levomethadyl acetate,CHEMBL1514
interferon beta-1b,CHEMBL1201563
cisapride,CHEMBL1729
felbamate,CHEMBL1094
torsemide,CHEMBL1148
tacrine,CHEMBL95
rimantadine,CHEMBL959
lodoxamide,CHEMBL1201266
tazobactam,CHEMBL404
levocabastine,CHEMBL1615438
abciximab,CHEMBL1201584
trimetrexate,CHEMBL119
venlafaxine,CHEMBL637
calcipotriene,CHEMBL1200666
thiamine,CHEMBL1588
granisetron,CHEMBL289469
pyridoxine,CHEMBL1364
risperidone,CHEMBL85
aprotinin,CHEMBL1201619
calcium pantothenate,CHEMBL1901349
gabapentin,CHEMBL940
perindopril,CHEMBL1581
dornase alfa,CHEMBL1201431
fluvastatin,CHEMBL2220442
fenofibrate,CHEMBL672
asparaginase,CHEMBL2108989
pegaspargase,CHEMBL2108546
salmeterol,CHEMBL1263
budesonide,CHEMBL1370
rocuronium,CHEMBL1201244
acrivastine,CHEMBL1224
iobenguane (131I),
tacrolimus,CHEMBL3989887
imiglucerase,CHEMBL1201632
pheniramine,CHEMBL1193
stavudine,CHEMBL991
famciclovir,CHEMBL880
mercaptamine,
fluvoxamine,CHEMBL814
dorzolamide,CHEMBL218490
nefazodone,CHEMBL623
bemiparin,CHEMBL3707365
vinorelbine,CHEMBL553025
lamotrigine,CHEMBL741
spirapril,CHEMBL431
rimexolone,CHEMBL1200617
nisoldipine,CHEMBL1726
metformin,CHEMBL1431
tramadol,CHEMBL1237044
losartan,CHEMBL191
nalmefene,CHEMBL982
moexipril,CHEMBL1165
mycophenolate mofetil,CHEMBL1456
lansoprazole,CHEMBL480
dexrazoxane,CHEMBL1738
sevoflurane,CHEMBL1200694
dirithromycin,CHEMBL1237072
valaciclovir,
acarbose,CHEMBL404271
azelaic acid,CHEMBL1238
carvedilol,CHEMBL723
epoprostenol,CHEMBL1139
alendronic acid,CHEMBL870
bicalutamide,CHEMBL409
lamivudine,CHEMBL141
docetaxel,CHEMBL3545252
glimepiride,CHEMBL1481
saquinavir,CHEMBL114
amifostine,CHEMBL1006
cetirizine,CHEMBL1000
riluzole,CHEMBL744
cisatracurium,CHEMBL1201248
ceftibuten,CHEMBL1605
butoconazole,CHEMBL1295
anastrozole,CHEMBL1399
porfimer,
ibutilide,CHEMBL533
cefepime,CHEMBL186
technetium Tc 99m tetrofosmin,CHEMBL1200857
eptacog alfa (activated),CHEMBL2108334
ritonavir,CHEMBL163
indinavir,CHEMBL5483011
trandolapril,CHEMBL1519
phenylbutanoic acid,CHEMBL1469
insulin lispro,CHEMBL1201538
gemcitabine,CHEMBL888
etoposide phosphate,CHEMBL1200645
interferon beta-1a,CHEMBL1201562
topotecan,CHEMBL84
adapalene,CHEMBL1265
latanoprost,CHEMBL1051
albendazole,CHEMBL1483
irinotecan,CHEMBL481
mirtazapine,CHEMBL654
alteplase,CHEMBL1201593
meropenem,CHEMBL127
nevirapine,CHEMBL57
ibandronic acid,CHEMBL997
cidofovir,CHEMBL5314375
remifentanil,CHEMBL1005
fexofenadine,CHEMBL914
fosphenytoin,CHEMBL1201336
bismuth subsalicylate,CHEMBL1120
technetium (99mTc) nofetumomab merpentan,
brimonidine,CHEMBL844
midodrine,CHEMBL1201212
UREA C-13,
nilutamide,CHEMBL1274
ropivacaine,CHEMBL1077896
penciclovir,CHEMBL1540
zafirlukast,CHEMBL603
pentosan polysulfate,
olanzapine,CHEMBL715
butenafine,CHEMBL990
betaine,CHEMBL95889
acitretin,CHEMBL1131
reteplase,CHEMBL2107885
azelastine,CHEMBL639
ivermectin,CHEMBL6067487
donepezil,CHEMBL502
tizanidine,CHEMBL1079
ferumoxsil,CHEMBL1201503
zileuton,CHEMBL93
atorvastatin,CHEMBL1487
amlexanox,CHEMBL1096
miglitol,CHEMBL1561
olopatadine,CHEMBL1189432
sparfloxacin,CHEMBL850
fosfomycin,CHEMBL1757
levofloxacin,CHEMBL5315124
glatiramer acetate,CHEMBL1201507
cabergoline,CHEMBL1201087
valsartan,CHEMBL1069
topiramate,CHEMBL220492
troglitazone,CHEMBL408
sulesomab,CHEMBL2108809
imiquimod,CHEMBL1282
tiludronic acid,CHEMBL1350
anagrelide,CHEMBL760
nelfinavir,CHEMBL584
samarium (153Sm) lexidronam,
delavirdine,CHEMBL593
tamsulosin,CHEMBL836
toremifene,CHEMBL1655
tazarotene,CHEMBL1657
dimethicone,CHEMBL2108200
cerivastatin,CHEMBL1477
pramipexole,CHEMBL301265
sodium fluoride,CHEMBL1528
epoetin beta,CHEMBL2109092
letrozole,CHEMBL1444
mibefradil,CHEMBL45816
irbesartan,CHEMBL1513
nonacog alfa,
dolasetron,CHEMBL2368925
arbutamine,CHEMBL1201251
ropinirole,CHEMBL589
fenoldopam,CHEMBL588
quetiapine,CHEMBL716
tiagabine,CHEMBL1027
grepafloxacin,CHEMBL583
clopidogrel,CHEMBL1771
sibutramine,CHEMBL1419
oprelvekin,CHEMBL1201573
zolmitriptan,CHEMBL1185
rituximab,CHEMBL1201576
mangafodipir,CHEMBL1201301
cefdinir,CHEMBL927
fomepizole,CHEMBL1308
raloxifene,CHEMBL81
daclizumab,CHEMBL1201605
becaplermin,CHEMBL1201556
trovafloxacin,CHEMBL428
alatrofloxacin,CHEMBL1201197
repaglinide,CHEMBL1272
eprosartan,CHEMBL813
emedastine,CHEMBL594
tolcapone,CHEMBL1324
naratriptan,CHEMBL1278
montelukast,CHEMBL787
lepirudin,CHEMBL1201666
loteprednol etabonate,CHEMBL1200865
tolterodine,CHEMBL1382
risedronic acid,CHEMBL923
sildenafil,CHEMBL192
brinzolamide,CHEMBL220491
sacrosidase,CHEMBL1201487
paricalcitol,CHEMBL1200622
capecitabine,CHEMBL1773
rivastigmine,CHEMBL636
basiliximab,CHEMBL1201439
tirofiban,CHEMBL916
eptifibatide,CHEMBL1174
candesartan cilexetil,CHEMBL1014
palivizumab,CHEMBL1201586
rifapentine,CHEMBL1660
rizatriptan,CHEMBL905
calfactant,CHEMBL1201447
thalidomide,CHEMBL468
citalopram,CHEMBL549
infliximab,CHEMBL1201581
fomivirsen,CHEMBL1201688
leflunomide,CHEMBL960
efavirenz,CHEMBL223228
trastuzumab,CHEMBL1201585
valrubicin,CHEMBL1096885
sevelamer,CHEMBL5314349
etanercept,CHEMBL1201572
telmisartan,CHEMBL1017
abacavir,CHEMBL1380
modafinil,CHEMBL1373
celecoxib,CHEMBL118
cilostazol,CHEMBL799
temozolomide,CHEMBL810
alitretinoin,CHEMBL705
denileukin diftitox,CHEMBL1201550
ferrous gluconate,CHEMBL3833303
levosalbutamol,CHEMBL1002
cetrorelix,CHEMBL1200490
moroctocog alfa,CHEMBL2109137
tasonermin,CHEMBL2107891
amprenavir,CHEMBL116
orlistat,CHEMBL175247
rofecoxib,CHEMBL122
rosiglitazone,CHEMBL121
doxercalciferol,CHEMBL1200810
ketotifen,CHEMBL534
pioglitazone,CHEMBL595
zanamivir,CHEMBL222813
ganirelix,CHEMBL1251
levobupivacaine,CHEMBL1201193
zaleplon,CHEMBL1521
rapacuronium,CHEMBL1201352
rabeprazole,CHEMBL1219
deferiprone,CHEMBL70927
insulin aspart,CHEMBL1201496
sirolimus,CHEMBL413
epirubicin,CHEMBL417
quinupristin,CHEMBL1200649
dalfopristin,CHEMBL1200937
pemirolast,CHEMBL1201198
dofetilide,CHEMBL473
entacapone,CHEMBL953
exemestane,CHEMBL1200374
oseltamivir,CHEMBL1229
poractant alfa,CHEMBL1201622
levetiracetam,CHEMBL1286
aminolevulinic acid,CHEMBL601
gadoversetamide,CHEMBL1200457
moxifloxacin,CHEMBL32
mequinol,CHEMBL544
dexmedetomidine,CHEMBL778
nitric oxide,CHEMBL1200689
bexarotene,CHEMBL1023
cevimeline,CHEMBL168815
oxcarbazepine,CHEMBL1068
atosiban,CHEMBL382301
pantoprazole,CHEMBL1502
alosetron,CHEMBL1110
levobetaxolol,CHEMBL1201274
pyrethrins,
piperonyl butoxide,CHEMBL1201131
zonisamide,CHEMBL750
articaine,CHEMBL1093
verteporfin,CHEMBL5314346
meloxicam,CHEMBL599
linezolid,CHEMBL126
insulin glargine,CHEMBL1201497
gemtuzumab ozogamicin,CHEMBL1201506
phytomenadione,
colecalciferol,
colesevelam,CHEMBL6068331
tenecteplase,CHEMBL2108791
triptorelin,CHEMBL1201334
argatroban,CHEMBL1166
proguanil,CHEMBL1377
balsalazide,CHEMBL1201346
docosanol,CHEMBL1200453
unoprostone isopropyl,CHEMBL1200661
levothyroxine,CHEMBL1624
lopinavir,CHEMBL729
choriogonadotropin alfa,CHEMBL1201464
"sodium phosphate, monobasic, monohydrate",
arsenic trioxide,CHEMBL5483015
mifepristone,CHEMBL1276308
phenylpropanolamine,CHEMBL61006
magnesium hydroxide,CHEMBL1200718
calcium carbonate,CHEMBL1200539
bivalirudin,CHEMBL5314348
nateglinide,CHEMBL783
peginterferon alfa-2b,CHEMBL1201561
caspofungin,CHEMBL1630575
ziprasidone,CHEMBL708
formoterol,CHEMBL1256786
esomeprazole,CHEMBL1201320
rasburicase,CHEMBL1201594
galantamine,CHEMBL659
travoprost,CHEMBL1200799
bimatoprost,CHEMBL1200963
zoledronic acid,CHEMBL4303669
valganciclovir,CHEMBL1201314
alemtuzumab,CHEMBL1201587
almotriptan,CHEMBL1505
imatinib,CHEMBL941
eptotermin alfa,CHEMBL2108594
phenazopyridine,CHEMBL1242
perflutren,CHEMBL1663
agalsidase beta,CHEMBL2108888
agalsidase alfa,CHEMBL2108214
nesiritide,CHEMBL1201668
cefditoren pivoxil,CHEMBL454446
darbepoetin alfa,CHEMBL1201566
etonogestrel,CHEMBL1531
temoporfin,CHEMBL500576
tenofovir disoproxil,CHEMBL1538
frovatriptan,CHEMBL1279
dexmethylphenidate,CHEMBL827
anakinra,CHEMBL1201570
valdecoxib,CHEMBL865
norelgestromin,CHEMBL1200807
bosentan,CHEMBL957
dutasteride,CHEMBL1200969
ertapenem,CHEMBL1359
fondaparinux,CHEMBL1201202
pimecrolimus,CHEMBL1200686
desloratadine,CHEMBL1172
hydroquinone,CHEMBL537
nitisinone,CHEMBL1337
pegfilgrastim,CHEMBL1201568
ibritumomab tiuxetan,CHEMBL1201606
voriconazole,CHEMBL638
parecoxib,CHEMBL1206690
secretin human,
fulvestrant,CHEMBL1358
olmesartan medoxomil,CHEMBL1200692
memantine,CHEMBL807
treprostinil,CHEMBL1237119
guaifenesin,CHEMBL980
sodium oxybate,CHEMBL1200682
tegaserod,CHEMBL76370
oxaliplatin,CHEMBL414804
escitalopram,CHEMBL1508
dibotermin alfa,CHEMBL2109171
adefovir dipivoxil,CHEMBL922
eplerenone,CHEMBL1095097
peginterferon alfa-2a,CHEMBL1201560
ezetimibe,CHEMBL1138
pegvisomant,CHEMBL1201515
aripiprazole,CHEMBL1112
miglustat,CHEMBL1029
nitazoxanide,CHEMBL1401
teriparatide,CHEMBL525610
atomoxetine,CHEMBL641
eletriptan,CHEMBL1510
adalimumab,CHEMBL1201580
alefacept,CHEMBL1201571
enfuvirtide,CHEMBL525076
estradiol acetate,CHEMBL1200430
aprepitant,CHEMBL1471
fosaprepitant,CHEMBL1199324
gatifloxacin,CHEMBL31
gemifloxacin,CHEMBL430
desirudin,CHEMBL1201662
laronidase,CHEMBL1201595
gefitinib,CHEMBL939
bortezomib,CHEMBL325041
alfuzosin,CHEMBL709
omalizumab,CHEMBL1201589
atazanavir,CHEMBL1163
emtricitabine,CHEMBL885
palonosetron,CHEMBL1189679
rosuvastatin,CHEMBL1496
vardenafil,CHEMBL1520
daptomycin,CHEMBL387675
prussian blue,
epinastine,CHEMBL1106
fosamprenavir,CHEMBL1664
efalizumab,CHEMBL1201575
tadalafil,CHEMBL779
abarelix,CHEMBL1252
sertaconazole,CHEMBL1201196
tiotropium bromide,CHEMBL3545181
pemetrexed,CHEMBL225072
cetuximab,CHEMBL1201577
bevacizumab,CHEMBL1201583
mycophenolic acid,CHEMBL866
octocog alfa,CHEMBL4297873
cinacalcet,CHEMBL1201284
telithromycin,CHEMBL1136
insulin glulisine,CHEMBL1201613
apomorphine,CHEMBL53
bisacodyl,CHEMBL942
tinidazole,CHEMBL1220
azacitidine,CHEMBL1489
rifaximin,CHEMBL1617
trospium,CHEMBL1888176
insulin detemir,CHEMBL2104391
glutamine,CHEMBL930
pregabalin,CHEMBL1059
methyl aminolevulinate,CHEMBL1096562
acamprosate,CHEMBL1201293
duloxetine,CHEMBL1175
pentetate calcium trisodium,CHEMBL1200945
pentetate zinc trisodium,CHEMBL1200424
strontium ranelate,CHEMBL3707306
darifenacin,CHEMBL1346
lanthanum carbonate,CHEMBL2096647
erlotinib,CHEMBL553
solifenacin,CHEMBL1734
natalizumab,CHEMBL1201607
palifermin,CHEMBL1201821
eszopiclone,CHEMBL1522
zopiclone,CHEMBL135400
pegaptanib,
ziconotide,CHEMBL4594214
clofarabine,CHEMBL1750
iloprost,CHEMBL494
rasagiline,CHEMBL887
micafungin,CHEMBL457547
pramlintide,CHEMBL2103758
bromfenac,CHEMBL1077
entecavir,CHEMBL5314362
exenatide,CHEMBL414357
galsulfase,CHEMBL1201822
tigecycline,CHEMBL376140
tipranavir,CHEMBL222559
tetracaine,CHEMBL698
ramelteon,CHEMBL1218
quinine,CHEMBL170
nepafenac,CHEMBL1021
mecasermin,CHEMBL1201716
ivabradine,CHEMBL471737
nelarabine,CHEMBL1201112
deferasirox,CHEMBL550348
mecasermin rinfabate,CHEMBL1201717
sorafenib,CHEMBL1336
abatacept,CHEMBL1201823
lenalidomide,CHEMBL848
conivaptan,CHEMBL1755
sunitinib,CHEMBL535
ranolazine,CHEMBL1404
lubiprostone,CHEMBL1201134
zinc oxide,CHEMBL3988900
anidulafungin,CHEMBL264241
alglucosidase alfa,CHEMBL1201824
decitabine,CHEMBL1201129
varenicline,CHEMBL1076903
rimonabant,CHEMBL111
darunavir,CHEMBL1323
dasatinib,CHEMBL5416410
ranibizumab,CHEMBL1201825
idursulfase,CHEMBL1201826
sitaxentan,CHEMBL282724
posaconazole,CHEMBL1397
panitumumab,CHEMBL1201827
bismuth subcitrate,CHEMBL1744033
arformoterol,CHEMBL1363
vorinostat,CHEMBL98
sitagliptin,CHEMBL1422
ciclesonide,CHEMBL2040682
telbivudine,CHEMBL374731
sinecatechins,CHEMBL1201723
paliperidone,CHEMBL1621
stiripentol,CHEMBL1983350
rufinamide,CHEMBL1201754
lisdexamfetamine,CHEMBL1201222
aliskiren,CHEMBL1639
lapatinib,CHEMBL554
eculizumab,CHEMBL1201828
retapamulin,CHEMBL1658
fesoterodine,CHEMBL1201764
fluticasone furoate,CHEMBL1676
rotigotine,CHEMBL1303
levocetirizine,CHEMBL1201191
temsirolimus,CHEMBL1201182
armodafinil,CHEMBL1201192
ambrisentan,CHEMBL1111
melatonin,CHEMBL45
methoxy polyethylene glycol-epoetin beta,CHEMBL3707314
maraviroc,CHEMBL256907
AMMONIA N-13,
lanreotide,CHEMBL1201185
trabectedin,CHEMBL450449
vildagliptin,CHEMBL142703
doripenem,CHEMBL491571
raltegravir,CHEMBL254316
ixabepilone,CHEMBL1201752
sevelamer carbonate,CHEMBL5314347
nilotinib,CHEMBL255863
sapropterin,CHEMBL1201774
nebivolol,CHEMBL434394
epoetin zeta,CHEMBL2108593
etravirine,CHEMBL308954
methyl salicylate,CHEMBL108545
rilonacept,CHEMBL1201830
desvenlafaxine,CHEMBL1118
levofolinic acid,
dabigatran etexilate,CHEMBL539697
bendamustine,CHEMBL487253
regadenoson,CHEMBL3989695
certolizumab pegol,CHEMBL1201831
methylnaltrexone,CHEMBL1186579
alvimopan,CHEMBL270190
difluprednate,CHEMBL1201749
icatibant,CHEMBL2028850
sugammadex,CHEMBL2111107
clevidipine,CHEMBL1237132
tetrabenazine,CHEMBL117785
romiplostim,CHEMBL1201832
lacosamide,CHEMBL58323
rivaroxaban,CHEMBL198362
silodosin,CHEMBL24778
eltrombopag,CHEMBL461101
tapentadol,CHEMBL1201776
fospropofol,CHEMBL1201766
plerixafor,CHEMBL18442
choline fenofibrate,CHEMBL1201745
degarelix,CHEMBL415606
ustekinumab,CHEMBL1201835
milnacipran,CHEMBL259209
tocilizumab,CHEMBL1237022
dexlansoprazole,CHEMBL1201863
febuxostat,CHEMBL1164729
agomelatine,CHEMBL10878
prasugrel,CHEMBL1201772
lasofoxifene,CHEMBL328190
mifamurtide,CHEMBL2107354
everolimus,CHEMBL1908360
artemether,CHEMBL566534
lumefantrine,CHEMBL38827
benzyl alcohol,CHEMBL720
golimumab,CHEMBL1201833
iloperidone,CHEMBL14376
ulipristal,CHEMBL2103846
tolvaptan,CHEMBL344159
besifloxacin,CHEMBL1201760
canakinumab,CHEMBL1201834
liraglutide,CHEMBL4084119
ferumoxytol,CHEMBL1201867
dronedarone,CHEMBL184412
saxagliptin,CHEMBL2103745
paliperidone palmitate,CHEMBL2107360
pitavastatin,CHEMBL1201753
asenapine,CHEMBL3187365
vigabatrin,CHEMBL89598
bepotastine,CHEMBL1201758
telavancin,CHEMBL507870
pralatrexate,CHEMBL1201746
prucalopride,CHEMBL117287
pazopanib,CHEMBL477772
ofatumumab,CHEMBL1201836
epoetin theta,CHEMBL2108290
tenofovir,CHEMBL3989702
romidepsin,CHEMBL343448
capsaicin,CHEMBL294199
ecallantide,CHEMBL1201837
indacaterol,CHEMBL1095777
amifampridine,CHEMBL354077
besilesomab,CHEMBL2108021
fampridine,
corifollitropin alfa,CHEMBL2108185
velaglucerase alfa,CHEMBL1201865
carglumic acid,CHEMBL1201780
polidocanol,CHEMBL6067961
dienogest,CHEMBL1201864
denosumab,CHEMBL1237023
cabazitaxel,CHEMBL1201748
alcaftadine,CHEMBL1201747
vernakalant,CHEMBL2111112
pegloticase,CHEMBL1237025
fingolimod,CHEMBL314854
levomefolic acid,CHEMBL1231574
lurasidone,CHEMBL1237021
conestat alfa,CHEMBL2108350
ceftaroline fosamil,CHEMBL501122
tesamorelin,CHEMBL1237026
eribulin,CHEMBL1683590
Ioflupane I-123,
sodium nitrite,CHEMBL93268
spinosad,CHEMBL4297065
vilazodone,CHEMBL439849
azilsartan medoxomil,CHEMBL2028661
roflumilast,CHEMBL193240
pirfenidone,CHEMBL1256391
belimumab,CHEMBL1789843
gimeracil,CHEMBL1730601
tegafur,CHEMBL20883
gadobutrol,CHEMBL2218860
oteracil,CHEMBL181932
ipilimumab,CHEMBL1789844
retigabine,
gabapentin enacarbil,CHEMBL1628502
vandetanib,CHEMBL24828
abiraterone acetate,CHEMBL271227
linagliptin,CHEMBL237500
boceprevir,CHEMBL218394
apixaban,CHEMBL231779
rilpivirine,CHEMBL175691
telaprevir,CHEMBL231813
fidaxomicin,CHEMBL1255800
belatacept,CHEMBL1742990
ticagrelor,CHEMBL398435
nomegestrol acetate,CHEMBL1476022
vemurafenib,CHEMBL1229517
brentuximab vedotin,CHEMBL1742994
crizotinib,CHEMBL601719
clobazam,CHEMBL70418
artenimol,CHEMBL307261
piperaquine,CHEMBL303933
tafamidis,CHEMBL2103837
ruxolitinib,CHEMBL1789941
aflibercept,CHEMBL1742982
crisantaspase,CHEMBL2108931
glucarpidase,CHEMBL1863515
ingenol mebutate,CHEMBL1863513
axitinib,CHEMBL1289926
vismodegib,CHEMBL473417
ivacaftor,CHEMBL2010601
tafluprost,CHEMBL1963683
lucinactant,CHEMBL1963685
peginesatide,CHEMBL2107866
Florbetapir F-18,
avanafil,CHEMBL1963681
taliglucerase alfa,CHEMBL1964120
pixantrone,CHEMBL167731
pertuzumab,CHEMBL2007641
lorcaserin,CHEMBL360328
mirabegron,CHEMBL2095212
prepopik,
sodium picosulfate,CHEMBL1697768
carfilzomib,CHEMBL451887
aclidinium bromide,CHEMBL551466
perampanel,CHEMBL1214124
icosapent ethyl,CHEMBL2095209
cobicistat,CHEMBL2095208
elvitegravir,CHEMBL204656
linaclotide,CHEMBL3301675
teduglutide,CHEMBL2104987
enzalutamide,CHEMBL1082407
catridecacog,CHEMBL2108282
bosutinib,CHEMBL288441
teriflunomide,CHEMBL973
regorafenib,CHEMBL1946170
ocriplasmin,CHEMBL2095222
alipogene tiparvovec,CHEMBL2108304
omacetaxine mepesuccinate,CHEMBL46286
tofacitinib,CHEMBL221959
dapagliflozin,CHEMBL429910
cabozantinib,CHEMBL2105717
ponatinib,CHEMBL1171837
raxibacumab,CHEMBL2108638
pasireotide,CHEMBL3349607
lomitapide,CHEMBL354541
bedaquiline,CHEMBL376488
crofelemer,CHEMBL2108184
insulin degludec,CHEMBL2107869
alogliptin,CHEMBL376359
mipomersen,CHEMBL2219536
lixisenatide,CHEMBL2108336
glycerol phenylbutyrate,CHEMBL2105745
pomalidomide,CHEMBL43452
trastuzumab emtansine,CHEMBL1743082
ospemifene,CHEMBL2105395
technetium Tc 99m tilmanocept,CHEMBL2108726
gadoterate meglumine,CHEMBL2219415
dimethyl fumarate,CHEMBL2107333
canagliflozin,CHEMBL4594217
vilanterol,CHEMBL1198857
radium Ra 223 dichloride,CHEMBL2107816
trametinib,CHEMBL2103875
dabrafenib,CHEMBL2028663
neostigmine,CHEMBL278020
maribavir,CHEMBL515408
afatinib,CHEMBL1173655
lipegfilgrastim,CHEMBL4594230
ferric carboxymaltose,CHEMBL2108597
levomilnacipran,CHEMBL99946
dolutegravir,CHEMBL1229211
cholic acid,CHEMBL205596
vortioxetine,CHEMBL2104993
bazedoxifene,CHEMBL46740
riociguat,CHEMBL2107834
macitentan,CHEMBL2103873
defibrotide,CHEMBL2108396
Flutemetamol (18F),
obinutuzumab,CHEMBL1743048
eslicarbazepine acetate,CHEMBL87992
ibrutinib,CHEMBL1873475
turoctocog alfa,CHEMBL2108286
luliconazole,CHEMBL2105689
delamanid,CHEMBL218650
simeprevir,CHEMBL501849
sucroferric oxyhydroxide,
sofosbuvir,CHEMBL1259059
umeclidinium,CHEMBL1187833
tasimelteon,CHEMBL2103822
elosulfase alfa,CHEMBL2108676
droxidopa,CHEMBL2103827
tenofovir alafenamide,CHEMBL2107825
metreleptin,CHEMBL2107857
testosterone undecanoate,CHEMBL2107067
miltefosine,CHEMBL125
florbetaben F18,CHEMBL566752
empagliflozin,CHEMBL2107830
apremilast,CHEMBL514800
albiglutide,CHEMBL2107841
ramucirumab,CHEMBL1743062
siltuximab,CHEMBL1743070
ceritinib,CHEMBL2403108
omega-3-carboxylic acids,CHEMBL3137327
vorapaxar,CHEMBL493982
vedolizumab,CHEMBL1743087
dalbavancin,CHEMBL3301669
efinaconazole,CHEMBL2103877
tedizolid phosphate,CHEMBL2105669
daclatasvir,CHEMBL2023898
belinostat,CHEMBL408513
tavaborole,CHEMBL443052
simoctocog alfa,CHEMBL2108319
idelalisib,CHEMBL2216870
ataluren,CHEMBL256997
olodaterol,CHEMBL605846
oritavancin,CHEMBL1688530
suvorexant,CHEMBL1083659
peginterferon beta-1a,CHEMBL2108677
eliglustat,CHEMBL2110588
sodium glycerophosphate,CHEMBL6067979
pembrolizumab,CHEMBL3137343
ferric citrate,CHEMBL3301597
naloxegol,CHEMBL2219418
dulaglutide,CHEMBL2108027
ledipasvir,CHEMBL2374220
netupitant,CHEMBL206253
nintedanib,CHEMBL502835
olaparib,CHEMBL521686
dasabuvir,CHEMBL3137312
ombitasvir,CHEMBL3127326
paritaprevir,CHEMBL3391662
blinatumomab,CHEMBL1742992
afamelanotide,CHEMBL441738
finafloxacin,CHEMBL1908370
safinamide,CHEMBL396778
ceftolozane,CHEMBL2103872
peramivir,CHEMBL3989402
nivolumab,CHEMBL2108738
edoxaban,CHEMBL1269025
secukinumab,CHEMBL1743068
parathyroid hormone,CHEMBL2108078
ferric pyrophosphate citrate,CHEMBL3833317
palbociclib,CHEMBL189963
lenvatinib,CHEMBL1289601
panobinostat,CHEMBL483254
avibactam,CHEMBL1689063
isavuconazonium,CHEMBL1183349
dinutuximab,CHEMBL3137342
cangrelor,CHEMBL334966
deoxycholic acid,CHEMBL406393
evolocumab,CHEMBL2364655
eluxadoline,CHEMBL2159122
lutetium (177Lu) chloride,
sonidegib,CHEMBL2105737
lumacaftor,CHEMBL2103870
sacubitril,CHEMBL3137301
brexpiprazole,CHEMBL2105760
alirocumab,CHEMBL2109540
flibanserin,CHEMBL231068
asfotase alfa,CHEMBL2108311
sebelipase alfa,CHEMBL3039537
rolapitant,CHEMBL3707331
uridine triacetate,CHEMBL2107381
idebenone,CHEMBL252556
cariprazine,CHEMBL2028019
tipiracil,CHEMBL235668
aripiprazole lauroxil,CHEMBL2219425
idarucizumab,CHEMBL3544996
patiromer calcium,CHEMBL2107840
talimogene laherparepvec,CHEMBL2108727
mepolizumab,CHEMBL2108429
cobimetinib,CHEMBL2146883
susoctocog alfa,CHEMBL5315075
osimertinib,CHEMBL3353410
daratumumab,CHEMBL1743007
efmoroctocog alfa,CHEMBL4297945
ixazomib,CHEMBL2141296
necitumumab,CHEMBL1743047
elotuzumab,CHEMBL1743010
vonicog alfa,CHEMBL2107873
alectinib,CHEMBL1738797
selexipag,CHEMBL238804
lesinurad,CHEMBL2105720
brivaracetam,CHEMBL607400
grazoprevir,CHEMBL3039533
elbasvir,CHEMBL3039514
ferric maltol,CHEMBL4298110
ixekizumab,CHEMBL1743034
obiltoxaximab,CHEMBL3544926
reslizumab,CHEMBL2107884
pitolisant,CHEMBL462605
venetoclax,CHEMBL3137309
pimavanserin,CHEMBL2111101
eftrenonacog alfa,CHEMBL4594598
atezolizumab,CHEMBL3707227
migalastat,CHEMBL110458
fluciclovine (18F),
obeticholic acid,CHEMBL566315
Gallium Ga 68 dotatate,
opicapone,CHEMBL1089318
velpatasvir,CHEMBL3545062
landiolol,CHEMBL1742466
lifitegrast,CHEMBL2048028
eteplirsen,CHEMBL2108278
olaratumab,CHEMBL1743049
bezlotoxumab,CHEMBL2108670
albutrepenonacog alfa,CHEMBL5315076
etelcalcetide,CHEMBL3545184
gallium (68Ga) edotreotide,
crisaborole,CHEMBL484785
rucaparib,CHEMBL1173055
nusinersen,CHEMBL3301572
lonoctocog alfa,CHEMBL4594603
plecanatide,CHEMBL2103867
deflazacort,CHEMBL1201891
baricitinib,CHEMBL2105759
brodalumab,CHEMBL1742996
telotristat ethyl,CHEMBL2105695
ribociclib,CHEMBL3545110
avelumab,CHEMBL3833373
naldemedine,CHEMBL2105755
niraparib,CHEMBL1094636
dupilumab,CHEMBL2108675
ocrelizumab,CHEMBL2108041
deutetrabenazine,CHEMBL3137326
valbenazine,CHEMBL2364639
cerliponase alfa,CHEMBL3544921
midostaurin,CHEMBL608533
brigatinib,CHEMBL3545311
abaloparatide,CHEMBL3301581
durvalumab,CHEMBL3301587
edaravone,CHEMBL290916
sarilumab,CHEMBL2108730
delafloxacin,CHEMBL2105637
betrixaban,CHEMBL512351
inotuzumab ozogamicin,CHEMBL2108611
cenegermin,CHEMBL4297852
guselkumab,CHEMBL2364648
neratinib,CHEMBL180022
voxilaprevir,CHEMBL3707372
pibrentasvir,CHEMBL3545123
glecaprevir,CHEMBL3545363
enasidenib,CHEMBL3989908
tivozanib,CHEMBL1289494
vaborbactam,CHEMBL3317857
benznidazole,CHEMBL110
copanlisib,CHEMBL3218576
secnidazole,CHEMBL498847
lutetium (177Lu) oxodotreotide,
abemaciclib,CHEMBL3301610
acalabrutinib,CHEMBL3707348
latanoprostene bunod,CHEMBL2364612
letermovir,CHEMBL1241951
padeliporfin,CHEMBL4594284
vestronidase alfa,CHEMBL3707382
emicizumab,CHEMBL3833393
benralizumab,CHEMBL1742991
semaglutide,CHEMBL2108724
ozenoxacin,CHEMBL3990047
netarsudil,CHEMBL4594250
ertugliflozin,CHEMBL1770248
burosumab,CHEMBL3707326
bictegravir,CHEMBL3989866
tezacaftor,CHEMBL3544914
apalutamide,CHEMBL3183409
ibalizumab,CHEMBL1743029
tildrakizumab,CHEMBL2108681
efgartigimod alfa,CHEMBL4297551
sodium zirconium cyclosilicate,CHEMBL3301592
velmanase,
polatuzumab vedotin,CHEMBL3301582
fostamatinib,CHEMBL2103830
fosnetupitant,CHEMBL3989917
andexanet alfa,CHEMBL3301583
lofexidine,CHEMBL17860
erenumab,CHEMBL3833329
avatrombopag,CHEMBL2103883
pegvaliase,CHEMBL4297802
moxidectin,CHEMBL2104415
cannabidiol,CHEMBL190461
plazomicin,CHEMBL1650559
binimetinib,CHEMBL3187723
encorafenib,CHEMBL3301612
inotersen ,
tecovirimat,CHEMBL1257073
tafenoquine,CHEMBL298470
ivosidenib,CHEMBL3989958
elagolix,CHEMBL1208155
lusutrombopag,CHEMBL2107831
mogamulizumab,CHEMBL1743041
lanadelumab,CHEMBL3545189
patisiran,CHEMBL3989987
eravacycline dihydrochloride,CHEMBL2219414
doravirine,CHEMBL2364608
caplacizumab,CHEMBL2109624
moxetumomab pasudotox,CHEMBL1743043
fremanezumab,CHEMBL4297756
lorlatinib,CHEMBL3286830
duvelisib,CHEMBL3039502
dacomitinib,CHEMBL2105719
galcanezumab,CHEMBL3707328
cemiplimab,CHEMBL4297723
sarecycline,CHEMBL2364632
omadacycline,CHEMBL1689772
elapegademase,CHEMBL3990026
talazoparib tosylate,CHEMBL3137318
baloxavir marboxil,CHEMBL4297503
revefenacin,CHEMBL3833319
rifamycin,CHEMBL437765
setmelanotide,CHEMBL3301624
emapalumab,CHEMBL3989977
glasdegib,CHEMBL2043437
larotrectinib,CHEMBL3889654
gilteritinib,CHEMBL3301622
calaspargase pegol,CHEMBL2108728
ravulizumab,CHEMBL3989986
tagraxofusp,CHEMBL4297573
prabotulinumtoxinA,
triclabendazole,CHEMBL1086440
ropeginterferon alfa-2b,CHEMBL4297819
brexanolone,CHEMBL207538
solriamfetol,CHEMBL4297620
siponimod,CHEMBL2336071
romosozumab,CHEMBL2107874
erdafitinib,CHEMBL3545376
risankizumab,CHEMBL3990029
alpelisib,CHEMBL2396661
sotagliflozin,CHEMBL3039507
esketamine,CHEMBL395091
volanesorsen,CHEMBL3544994
drospirenone,CHEMBL1509
onasemnogene abeparvovec,CHEMBL4297240
relebactam,CHEMBL3301605
turoctocog alfa pegol,CHEMBL5315071
treosulfan,CHEMBL455186
bremelanotide,CHEMBL2070241
infigratinib,CHEMBL1852688
selinexor,CHEMBL3545185
lysine,CHEMBL8085
darolutamide,CHEMBL4297185
pexidartinib,CHEMBL3813873
pretomanid,CHEMBL227875
entrectinib,CHEMBL1983268
upadacitinib,CHEMBL3622821
fedratinib,CHEMBL1287853
lefamulin,CHEMBL3291398
istradefylline,CHEMBL431770
tenapanor,CHEMBL3304485
botulinum toxin type A,CHEMBL4297862
trifarotene,CHEMBL3707313
brolucizumab,CHEMBL3707357
elexacaftor,CHEMBL4298128
fluorodopa (18F),
diroximel fumarate,CHEMBL3989944
air polymer-type A,CHEMBL4594264
luspatercept,CHEMBL3039545
lasmiditan,CHEMBL3039520
cefiderocol,CHEMBL3989974
zanubrutinib,CHEMBL3936761
crizanlizumab,CHEMBL4297734
givosiran,CHEMBL4297760
cenobamate,CHEMBL3989949
voxelotor,CHEMBL4101807
golodirsen,CHEMBL4297762
enfortumab vedotin,CHEMBL3301589
lemborexant,CHEMBL3545367
trastuzumab deruxtecan,CHEMBL4297844
lumateperone,CHEMBL3306803
brilliant Blue G,CHEMBL4173394
ubrogepant,CHEMBL2364638
osilodrostat,CHEMBL3099695
avapritinib,CHEMBL4204794
ferric derisomaltose,CHEMBL4298187
teprotumumab,CHEMBL1743079
tazemetostat,CHEMBL3414621
lactitol,CHEMBL1661
eptinezumab,CHEMBL3833320
bempedoic acid,CHEMBL3545313
amisulpride,CHEMBL243712
rimegepant,CHEMBL2178422
isatuximab,CHEMBL3545131
remdesivir,CHEMBL4065616
fluorescein,CHEMBL1057
oxybuprocaine,
asciminib,CHEMBL4208229
ozanimod,CHEMBL3707247
sacituzumab govitecan,CHEMBL3545262
selumetinib,CHEMBL1614701
pemigatinib,CHEMBL4297522
tucatinib,CHEMBL3989868
capmatinib,CHEMBL3188267
belantamab mafodotin,CHEMBL4298209
selpercatinib,CHEMBL4559134
ripretinib,CHEMBL4216467
fluoroestradiol F 18,
artesunate,CHEMBL361497
flortaucipir F 18,CHEMBL3545253
nifurtimox,CHEMBL290960
inebilizumab,CHEMBL2109334
lurbinectedin,CHEMBL4297516
fenfluramine,CHEMBL87493
triheptanoin,CHEMBL4297585
remimazolam,CHEMBL4297526
fostemsavir,CHEMBL3301594
inqovi,
abametapir,CHEMBL2205807
tafasitamab,CHEMBL4298047
bulevirtide,CHEMBL4297711
risdiplam,CHEMBL4297528
oliceridine,CHEMBL2443262
viltolarsen,CHEMBL4298062
satralizumab,CHEMBL3833307
clascoterone,CHEMBL3590187
imlifidase,CHEMBL4297981
somapacitan,CHEMBL3707290
copper dotatate Cu-64,
pralsetinib,CHEMBL4582651
filgotinib,CHEMBL3301607
odesivimab,CHEMBL4298188
atoltivimab,CHEMBL4298183
maftivimab,CHEMBL4298184
etesevimab,CHEMBL4650488
bamlanivimab,CHEMBL4650379
lumasiran,CHEMBL4297779
lonafarnib,CHEMBL298734
imdevimab,CHEMBL4650249
casirivimab,CHEMBL4650248
naxitamab,CHEMBL4297984
gallium (68Ga) gozetotide,
berotralstat,CHEMBL5189739
inclisiran,CHEMBL3990033
tirbanibulin,CHEMBL571546
margetuximab,CHEMBL2364649
cabotegravir,CHEMBL2403238
relugolix,CHEMBL1800159
ansuvimab,CHEMBL4594388
vibegron,CHEMBL2107826
vericiguat,CHEMBL4066936
voclosporin,CHEMBL5314379
tepotinib,CHEMBL3402762
umbralisib,CHEMBL3948730
evinacumab,CHEMBL3545191
trilaciclib,CHEMBL3894860
casimersen,CHEMBL4297566
fosdenopterin,CHEMBL2338675
melphalan flufenamide,CHEMBL4303060
serdexmethylphenidate,CHEMBL4301162
ponesimod,CHEMBL1096146
dasiglucagon,CHEMBL4297741
viloxazine,CHEMBL306700
estetrol,CHEMBL6068423
dostarlimab,CHEMBL4298124
loncastuximab tesirine,CHEMBL4297778
potassium hydrogencarbonate,
pegcetacoplan,CHEMBL4298211
amivantamab,CHEMBL4297774
piflufolastat F-18,
samidorphan,CHEMBL426084
sotorasib,CHEMBL4535757
ibrexafungerp,CHEMBL4297513
aducanumab,CHEMBL3039540
finerenone,CHEMBL2181927
belumosudil,CHEMBL2005186
tralokinumab,CHEMBL1743081
odevixibat,CHEMBL4297588
fexinidazole,CHEMBL1631694
anifrolumab,CHEMBL2364653
avalglucosidase alfa,CHEMBL4594320
belzutifan,CHEMBL4585668
roxadustat,CHEMBL2338329
bimekizumab,CHEMBL4297700
difelikefalin,CHEMBL3989915
lonapegsomatropin,CHEMBL4298185
vosoritide,CHEMBL3707276
mobocertinib,CHEMBL4650319
tisotumab vedotin,CHEMBL4297841
atogepant,CHEMBL3991065
maralixibat hydrochloride,
avacopan,CHEMBL3989871
regdanvimab,CHEMBL4650462
pafolacianine,CHEMBL4297412
abrocitinib,CHEMBL3655081
sotrovimab,CHEMBL4650524
tezepelumab,CHEMBL3707229
daridorexant,CHEMBL4297590
tebentafusp,CHEMBL4297990
nirmatrelvir,CHEMBL4802135
faricimab,CHEMBL4297750
sutimlimab,CHEMBL4297832
somatrogon,CHEMBL4297830
mitapivat,CHEMBL4299940
pacritinib,CHEMBL2035187
relatlimab,CHEMBL3990044
ganaxolone,CHEMBL1568698
lutetium (177Lu) vipivotide tetraxetan,
cilgavimab,CHEMBL4650258
tixagevimab,CHEMBL4650265
oteseconazole,CHEMBL3311228
mavacamten,CHEMBL4297517
tirzepatide,CHEMBL4297839
tapinarof,CHEMBL259571
mosunetuzumab,CHEMBL4297788
vutrisiran,CHEMBL4594511
linzagolix,CHEMBL3668014
birch bark extract,
olipudase alfa,CHEMBL3707358
indigo carmine,
lenacapavir,CHEMBL4594438
eladocagene exuparvovec,CHEMBL4298189
teclistamab,CHEMBL4594505
valoctocogene roxaparvovec,CHEMBL4297579
spesolimab,CHEMBL4297911
deucravacitinib,CHEMBL4435170
eflapegrastim,CHEMBL3833384
terlipressin,CHEMBL2135460
gadopiclenol,CHEMBL4297634
omidenepag isopropyl,CHEMBL4297666
taurursodiol,CHEMBL272427
futibatinib,CHEMBL3701238
tremelimumab,CHEMBL2108658
nirsevimab,CHEMBL4297575
mirvetuximab soravtansine,CHEMBL3545132
teplizumab,CHEMBL1743078
olutasidenib,CHEMBL4297610
adagrasib,CHEMBL4594350
xenon (129Xe) hyperpolarized,
ublituximab,CHEMBL2108354
anacaulase,
lecanemab,CHEMBL3833321
bexagliflozin,CHEMBL1808388
pirtobrutinib,CHEMBL4650485
elacestrant,CHEMBL4297509
daprodustat,CHEMBL3544988
sparsentan,CHEMBL539423
omaveloxolone,CHEMBL4303525
zavegepant,CHEMBL2397415
trofinetide,CHEMBL197084
cipaglucosidase alfa,CHEMBL4594329
retifanlimab,CHEMBL4298037
rezafungin,CHEMBL3989945
leniolisib,CHEMBL3643413
vadadustat,CHEMBL3646221
tofersen,CHEMBL3833346
pegunigalsidase alfa,CHEMBL4297801
fezolinetant,CHEMBL3608680
perfluorohexyloctane,CHEMBL5314588
epcoritamab,CHEMBL4650393
durlobactam,CHEMBL4298137
flotufolastat f-18 gallium,CHEMBL5314559
mirikizumab,CHEMBL3990014
glofitamab,CHEMBL4298092
ritlecitinib,CHEMBL4085457
rozanolixizumab,CHEMBL4297820
quizartinib,CHEMBL576982
cantharidin,CHEMBL48449
lotilaner,CHEMBL3707310
zuranolone,CHEMBL4105630
avacincaptad pegol,CHEMBL6068573
talquetamab,CHEMBL4594503
elranatamab,CHEMBL4297809
palovarotene,CHEMBL2105648
pozelimab,CHEMBL4298086
